outcome,month,mmwr_week,age_group,vaccine_product,boosted_with_outcome,boosted_population,primary_series_only_with_outcome,primary_series_only_population,unvaccinated_with_outcome,unvaccinated_population,crude_booster_ir,crude_primary_series_only_ir,crude_unvax_ir,crude_booster_irr,crude_irr,age_adj_booster_ir,age_adj_vax_ir,age_adj_unvax_ir,age_adj_booster_irr,age_adj_irr,continuity_correction
death,SEP 2021,202138,18-49,all_types,0,290340,33,42360864,527,28264750,0,0.077902094,1.864513219,,23.93405784,,,,,,0
death,SEP 2021,202138,50-64,all_types,2,362027,109,23909112,1064,7775947,0.552444983,0.455893134,13.68322084,24.76847695,30.0140972,,,,,,0
death,SEP 2021,202138,65+,all_types,12,818564,878,22894661,1863,4064015.2,1.46598189,3.834955233,45.84136398,31.27007522,11.95355909,,,,,,1
death,SEP 2021,202138,all_ages,all_types,14,1470931,1020,89164637,3454,40104712.2,0.95177816,1.143951273,8.612454274,9.04880427,7.528689794,0.361224446,0.793976079,11.74018509,32.50108133,14.78657279,1
death,SEP 2021,202138,all_ages,Janssen,0,31917,81,7655918,3454,40104712.2,0,1.058005062,8.612454274,,8.140277,0,1.167697061,11.74018509,,10.05413603,1
death,SEP 2021,202138,all_ages,Moderna,8,653548,383,35141959,3454,40104712.2,1.224087596,1.089865252,8.612454274,7.035815332,7.902311096,0.34245264,0.652304176,11.74018509,34.2826532,17.99802228,1
death,SEP 2021,202138,all_ages,Pfizer,6,781361,553,46302336,3454,40104712.2,0.767890898,1.194324191,8.612454274,11.21572647,7.211152832,0.367977724,0.899083242,11.74018509,31.90460811,13.05795119,1
death,SEP 2021,202139,18-49,all_types,3,353367,32,43113596,433,27733785,0.848975711,0.074222526,1.56127265,1.839007442,21.03502446,,,,,,0
death,SEP 2021,202139,50-64,all_types,3,436210,100,24079844,849,7626483,0.687742143,0.415285082,11.1322611,16.18667871,26.80631106,,,,,,0
death,SEP 2021,202139,65+,all_types,17,1015730,747,22796025,1617,3940589.2,1.673673122,3.276887089,41.03447271,24.51761469,12.52239446,,,,,,1
death,SEP 2021,202139,all_ages,all_types,23,1805307,879,89989465,2899,39300857.2,1.274021538,0.976781004,7.376429438,5.78987813,7.551774047,0.956819902,0.688440991,10.21599303,10.67702815,14.83931545,1
death,SEP 2021,202139,all_ages,Janssen,0,35703,55,7717002,2899,39300857.2,0,0.712712009,7.376429438,,10.34980377,0,0.755292277,10.21599303,,13.52588043,1
death,SEP 2021,202139,all_ages,Moderna,8,767302,353,35432568,2899,39300857.2,1.042614251,0.996258583,7.376429438,7.074936326,7.404131379,0.769449832,0.588461083,10.21599303,13.2770099,17.36052448,1
death,SEP 2021,202139,all_ages,Pfizer,15,997429,471,46775603,2899,39300857.2,1.503866441,1.006935175,7.376429438,4.904976425,7.325624946,1.155776584,0.776695656,10.21599303,8.839072507,13.15314815,1
death,OCT 2021,202140,18-49,all_types,1,424980,14,43783415,361,27263802,0.235305191,0.0319756,1.324099992,5.627160144,41.40972817,,,,,,0
death,OCT 2021,202140,50-64,all_types,4,520031,97,24216656,700,7494561,0.769184914,0.400550761,9.340106779,12.14286267,23.31816009,,,,,,0
death,OCT 2021,202140,65+,all_types,21,1300381,683,22603082,1455,3846852.8,1.614911322,3.021711818,37.82312648,23.42117859,12.51711902,,,,,,1
death,OCT 2021,202140,all_ages,all_types,26,2245392,794,90603153,2516,38605215.8,1.15792699,0.876349193,6.517254075,5.628380832,7.436823276,0.578071733,0.615497782,9.158248935,15.84275516,14.87941827,1
death,OCT 2021,202140,all_ages,Janssen,0,39022,59,7772854,2516,38605215.8,0,0.759051952,6.517254075,,8.586044815,0,0.833214892,9.158248935,,10.99146093,1
death,OCT 2021,202140,all_ages,Moderna,8,879786,301,35641011,2516,38605215.8,0.909312037,0.844532721,6.517254075,7.167236117,7.716994159,0.815143296,0.504915221,9.158248935,11.23513987,18.13819143,1
death,OCT 2021,202140,all_ages,Pfizer,18,1320999,432,47125113,2516,38605215.8,1.362605119,0.916708677,6.517254075,4.782936731,7.109405897,0.495514521,0.706540164,9.158248935,18.48230184,12.96210662,1
death,OCT 2021,202141,18-49,all_types,0,656392,20,44155434,315,26851277,0,0.0452945,1.173128563,,25.90000042,,,,,,0
death,OCT 2021,202141,50-64,all_types,7,747262,86,24169030,666,7377864,0.936753107,0.355827272,9.027002937,9.636480384,25.3690587,,,,,,0
death,OCT 2021,202141,65+,all_types,22,2301942,630,21706313,1312,3768218.8,0.955714783,2.902381441,34.81751113,36.43085964,11.99618721,,,,,,1
death,OCT 2021,202141,all_ages,all_types,29,3705596,736,90030777,2293,37997359.8,0.782600154,0.817498221,6.034629806,7.711000024,7.381826228,0.351987147,0.594504047,8.488466446,24.11584204,14.27823157,1
death,OCT 2021,202141,all_ages,Janssen,0,42351,72,7824034,2293,37997359.8,0,0.9202414,6.034629806,,6.557659553,0,0.998224127,8.488466446,,8.503567706,1
death,OCT 2021,202141,all_ages,Moderna,6,974123,287,35801767,2293,37997359.8,0.615938644,0.801636411,6.034629806,9.797452818,7.527888859,0.233088306,0.482196995,8.488466446,36.41738449,17.60373155,1
death,OCT 2021,202141,all_ages,Pfizer,23,2681572,376,46342214,2293,37997359.8,0.857705853,0.81135528,6.034629806,7.035780138,7.437715582,0.408488332,0.668107955,8.488466446,20.78019318,12.70523181,1
death,OCT 2021,202142,18-49,all_types,1,968014,19,44383457,283,26474971,0.103304291,0.0428087,1.068934127,10.347432,24.96999571,,,,,,0
death,OCT 2021,202142,50-64,all_types,5,1062733,81,24013867,552,7262925,0.470485061,0.337305108,7.600243703,16.15405958,22.53225203,,,,,,0
death,OCT 2021,202142,65+,all_types,21,3303839,622,20799831,1200,3687187.8,0.635624194,2.990408912,32.5451283,51.20184006,10.88316991,,,,,,1
death,OCT 2021,202142,all_ages,all_types,27,5334586,722,89197155,2035,37425083.8,0.506131122,0.809442857,5.437529575,10.74332191,6.71762006,0.268125699,0.604189799,7.747890972,28.89648774,12.8236044,1
death,OCT 2021,202142,all_ages,Janssen,0,45876,65,7872617,2035,37425083.8,0,0.825646669,5.437529575,,6.585782734,0,0.929925727,7.747890972,,8.33173096,1
death,OCT 2021,202142,all_ages,Moderna,11,1066962,293,35896336,2035,37425083.8,1.030964552,0.816239295,5.437529575,5.274215846,6.661685619,0.755814249,0.497110934,7.747890972,10.25105174,15.58583899,1
death,OCT 2021,202142,all_ages,Pfizer,15,4211843,363,45367111,2035,37425083.8,0.356138631,0.800139114,5.437529575,15.26801392,6.795730242,0.153007411,0.699439055,7.747890972,50.63735758,11.07729246,1
death,OCT 2021,202143,18-49,all_types,0,1286291,20,44528274,263,26096725,0,0.0449153,1.007789292,,22.43755886,,,,,,0
death,OCT 2021,202143,50-64,all_types,5,1406221,71,23807114,501,7123335,0.355562888,0.298230184,7.0332225,19.78053036,23.58320139,,,,,,0
death,OCT 2021,202143,65+,all_types,28,4151489,645,20032695,1154,3537689.8,0.674456803,3.219736536,32.62015794,48.36508102,10.13131279,,,,,,1
death,OCT 2021,202143,all_ages,all_types,33,6844001,736,88368083,1918,36757749.8,0.482174097,0.832879899,5.217947264,10.82170797,6.26494561,0.186675504,0.636664576,7.607726084,40.75374595,11.94934723,1
death,OCT 2021,202143,all_ages,Janssen,1,50088,63,7919555,1918,36757749.8,1.996486184,0.795499242,5.217947264,2.613565426,6.559336563,2.639812102,0.892715975,7.607726084,2.881919542,8.522000614,1
death,OCT 2021,202143,all_ages,Moderna,15,1232534,326,35908365,1918,36757749.8,1.217004967,0.907866454,5.217947264,4.287531609,5.747483279,0.488518425,0.554644689,7.607726084,15.57305866,13.71639581,1
death,OCT 2021,202143,all_ages,Pfizer,17,5549933,346,44480190,1918,36757749.8,0.306310004,0.777874375,5.217947264,17.03485748,6.707956234,0.112057966,0.717766811,7.607726084,67.89098823,10.59916112,1
death,NOV 2021,202144,18-49,all_types,2,1629414,17,44596501,263,25726637,0.122743514,0.0381196,1.022286745,8.328641672,26.81788932,,,,,,0
death,NOV 2021,202144,50-64,all_types,3,1794888,97,23542284,582,6992118,0.167141348,0.412024594,8.323658153,49.80011379,20.20184785,,,,,,0
death,NOV 2021,202144,65+,all_types,40,4988016,655,19275609,1193,3420518.8,0.801922047,3.398076813,34.87775012,43.49269392,10.26396755,,,,,,1
death,NOV 2021,202144,all_ages,all_types,45,8412318,769,87414394,2038,36139273.8,0.534929849,0.879717819,5.639294279,10.54211928,6.4103445,0.247355848,0.685755357,8.26193838,33.40102308,12.04793852,1
death,NOV 2021,202144,all_ages,Janssen,1,77105,73,7946377,2038,36139273.8,1.296932754,0.918657647,5.639294279,4.348177854,6.138624433,1.552264387,0.968267682,8.26193838,5.322507204,8.532700752,1
death,NOV 2021,202144,all_ages,Moderna,7,1557778,367,35751404,2038,36139273.8,0.449357996,1.026533112,5.639294279,12.54966938,5.493533734,0.357440248,0.617384632,8.26193838,23.11418039,13.38215749,1
death,NOV 2021,202144,all_ages,Pfizer,36,6764494,325,43657802,2038,36139273.8,0.532190582,0.744425933,5.639294279,10.5963812,7.575359787,0.225604432,0.715752878,8.26193838,36.62134786,11.54300406,1
death,NOV 2021,202145,18-49,all_types,1,2243285,19,44361861,280,25378539,0.0445775,0.0428296,1.103294402,24.75003782,25.76010152,,,,,,0
death,NOV 2021,202145,50-64,all_types,3,2535924,94,22928997,592,6863332,0.118300075,0.409961238,8.625548057,72.91244777,21.03991123,,,,,,0
death,NOV 2021,202145,65+,all_types,33,6690000,707,17704173,1336,3315240.4,0.493273543,3.993408786,40.29873671,81.69652987,10.09131268,,,,,,1
death,NOV 2021,202145,all_ages,all_types,37,11469209,820,84995031,2208,35557111.4,0.322602893,0.964762281,6.209728274,19.24883011,6.43653716,0.135870767,0.789660834,9.296799513,68.42383919,11.77315515,1
death,NOV 2021,202145,all_ages,Janssen,0,291840,70,7793361,2208,35557111.4,0,0.898200404,6.209728274,,6.913522022,0,1.022063817,9.296799513,,9.096104723,1
death,NOV 2021,202145,all_ages,Moderna,9,3210212,420,34313824,2208,35557111.4,0.280355316,1.223996486,6.209728274,22.14949358,5.073321978,0.073095271,0.773649312,9.296799513,127.187428,12.01681353,1
death,NOV 2021,202145,all_ages,Pfizer,28,7951098,328,42831753,2208,35557111.4,0.352152621,0.765787009,6.209728274,17.63362788,8.108949623,0.16248047,0.764011259,9.296799513,57.21795072,12.16840642,1
death,NOV 2021,202146,18-49,all_types,2,3016281,27,43940794,320,25004776,0.06630682,0.0614463,1.279755516,19.30051123,20.8272124,,,,,,0
death,NOV 2021,202146,50-64,all_types,10,3394862,108,22187094,695,6718902,0.294562783,0.486769471,10.34395203,35.11628969,21.25020704,,,,,,0
death,NOV 2021,202146,65+,all_types,62,8306666,735,16189974,1557,3208720.4,0.746388503,4.539846698,48.52401599,65.01174094,10.68847017,,,,,,1
death,NOV 2021,202146,all_ages,all_types,74,14717809,870,82317862,2572,34932398.4,0.502792229,1.056878761,7.362792473,14.64380721,6.966544077,0.228219239,0.909905449,11.15524671,48.87951944,12.25978669,1
death,NOV 2021,202146,all_ages,Janssen,0,535587,110,7620466,2572,34932398.4,0,1.443481278,7.362792473,,5.100719064,0,1.686520543,11.15524671,,6.614355668,1
death,NOV 2021,202146,all_ages,Moderna,21,5075389,399,32643045,2572,34932398.4,0.413761389,1.222312441,7.362792473,17.79477901,6.023658296,0.239821065,0.821616171,11.15524671,46.51487444,13.57719955,1
death,NOV 2021,202146,all_ages,Pfizer,53,9087316,359,42001487,2572,34932398.4,0.583230516,0.854731643,7.362792473,12.62415507,8.61415689,0.24610933,0.885524297,11.15524671,45.32638698,12.59733555,1
death,NOV 2021,202147,18-49,all_types,4,3895139,21,43371855,305,24655228,0.102692099,0.0484185,1.237060148,12.04630307,25.54933018,,,,,,0
death,NOV 2021,202147,50-64,all_types,16,4240520,126,21443425,662,6582028,0.377312216,0.5875927,10.05769043,26.65614838,17.11677225,,,,,,0
death,NOV 2021,202147,65+,all_types,69,9587855,735,14989994,1459,3143771.55,0.719660445,4.903270809,46.40922461,64.48766902,9.464952361,,,,,,1
death,NOV 2021,202147,all_ages,all_types,89,17723514,882,79805274,2426,34381027.55,0.502157755,1.105190116,7.05621726,14.05179386,6.384618501,0.26322566,0.983977526,10.71053034,40.68953748,10.88493391,1
death,NOV 2021,202147,all_ages,Janssen,2,755707,98,7465768,2426,34381027.55,0.264652835,1.312657988,7.05621726,26.66216388,5.375518471,0.322877021,1.547846377,10.71053034,33.17216662,6.919633953,1
death,NOV 2021,202147,all_ages,Moderna,38,6748474,391,31134136,2426,34381027.55,0.563090263,1.255856273,7.05621726,12.5312365,5.618650327,0.3914005,0.880710416,10.71053034,27.36463125,12.16123955,1
death,NOV 2021,202147,all_ages,Pfizer,48,10197199,392,41154929,2426,34381027.55,0.470717498,0.952498302,7.05621726,14.99034408,7.408115314,0.183169114,1.014366759,10.71053034,58.47345167,10.55883412,1
death,DEC 2021,202148,18-49,all_types,0,4967033,29,42597971,351,24274665,0,0.06807836,1.445951983,,21.23952436,,,,,,0
death,DEC 2021,202148,50-64,all_types,10,5259152,127,20529351,859,6427819.3,0.190144723,0.618626473,13.36378576,70.28218058,21.60235027,,,,,,1
death,DEC 2021,202148,65+,all_types,103,10793409,770,13862959,1911,3065642.55,0.954286083,5.554369742,62.33603458,65.32216666,11.22288171,,,,,,1
death,DEC 2021,202148,all_ages,all_types,113,21019594,926,76990281,3121,33768126.85,0.537593638,1.202749215,9.242443366,17.19224842,7.684431014,0.200900707,1.113449142,14.22143123,70.78835843,12.77241204,1
death,DEC 2021,202148,all_ages,Janssen,2,979314,110,7304257,3121,33768126.85,0.20422459,1.505971107,9.242443366,45.25627092,6.137198332,0.188005234,1.755570385,14.22143123,75.64380467,8.100746827,1
death,DEC 2021,202148,all_ages,Moderna,41,8468856,389,29572343,3121,33768126.85,0.484126782,1.315418261,9.242443366,19.09095658,7.026239213,0.163463725,0.965474352,14.22143123,87.00053308,14.72999381,1
death,DEC 2021,202148,all_ages,Pfizer,70,11546821,427,40065341,3121,33768126.85,0.606227463,1.065759056,9.242443366,15.24583417,8.672169676,0.236455896,1.159558626,14.22143123,60.14411768,12.26452109,1
death,DEC 2021,202149,18-49,all_types,2,6208887,17,41616567,339,23861021,0.0322119,0.0408491,1.420727135,44.10567119,34.77987412,,,,,,0
death,DEC 2021,202149,50-64,all_types,14,6349443,121,19532214,887,6277541.3,0.220491782,0.619489424,14.12973579,64.08282287,22.80867961,,,,,,1
death,DEC 2021,202149,65+,all_types,104,11687182,732,13027654,1941,3000200.55,0.889863784,5.618816711,64.69567509,72.70289706,11.51411025,,,,,,1
death,DEC 2021,202149,all_ages,all_types,120,24245512,870,74176435,3167,33138762.85,0.49493696,1.17287923,9.556784043,19.30909352,8.148139889,0.216282133,1.107505101,14.76211965,68.25399514,13.32916629,1
death,DEC 2021,202149,all_ages,Janssen,5,1179738,111,7156376,3167,33138762.85,0.423822917,1.551064393,9.556784043,22.54900259,6.161436032,0.404020308,1.842199015,14.76211965,36.53806341,8.01331427,1
death,DEC 2021,202149,all_ages,Moderna,44,10029693,379,28142399,3167,33138762.85,0.438697376,1.346722431,9.556784043,21.78445682,7.09632796,0.194575935,1.018656424,14.76211965,75.86816765,14.49175533,1
death,DEC 2021,202149,all_ages,Pfizer,70,13008987,378,38831764,3167,33138762.85,0.538089553,0.973429896,9.556784043,17.76058277,9.81763975,0.219934707,1.08551103,14.76211965,67.12046445,13.59923506,1
death,DEC 2021,202150,18-49,all_types,3,7516651,26,40569114,324,23472470,0.0399114,0.064088163,1.380340458,34.58512496,21.53814978,,,,,,0
death,DEC 2021,202150,50-64,all_types,19,7470636,119,18506708,748,6153985.55,0.254329083,0.643010091,12.15472467,47.79132827,18.90285213,,,,,,1
death,DEC 2021,202150,65+,all_types,140,12523589,565,12249832,1682,2943161.55,1.117890407,4.612308152,57.14942831,51.12256798,12.39063532,,,,,,1
death,DEC 2021,202150,all_ages,all_types,162,27510876,710,71325654,2754,32569617.1,0.588858021,0.995434265,8.455733426,14.3595453,8.494517137,0.266777091,0.955468103,13.05285865,48.92795939,13.66121863,1
death,DEC 2021,202150,all_ages,Janssen,6,1378350,89,7009315,2754,32569617.1,0.43530308,1.269738912,8.455733426,19.42493361,6.65942687,0.382614057,1.523707791,13.05285865,34.11494799,8.566510406,1
death,DEC 2021,202150,all_ages,Moderna,54,11594985,289,26712583,2754,32569617.1,0.465718584,1.081887139,8.455733426,18.15631523,7.815725985,0.166226491,0.836242586,13.05285865,78.52453937,15.60893797,1
death,DEC 2021,202150,all_ages,Pfizer,102,14508388,331,37559832,2754,32569617.1,0.703041578,0.881260598,8.455733426,12.02735896,9.59504311,0.333665643,0.980771788,13.05285865,39.11957652,13.30876236,1
death,DEC 2021,202151,18-49,all_types,3,9229728,36,39143483,297,23048893,0.0325037,0.091969332,1.288565138,39.64368579,14.01081322,,,,,,0
death,DEC 2021,202151,50-64,all_types,27,8793695,145,17288732,742,6038302.55,0.307038168,0.838696557,12.28822163,40.02180485,14.65157038,,,,,,1
death,DEC 2021,202151,65+,all_types,186,13423182,719,11412602,1781,2890653.55,1.385662505,6.300053222,61.61236444,44.46419255,9.77965777,,,,,,1
death,DEC 2021,202151,all_ages,all_types,216,31446605,900,67844817,2820,31977849.1,0.686878599,1.326556751,8.818604376,12.83866521,6.647740001,0.318369524,1.299873808,13.78211793,43.28968977,10.60265839,1
death,DEC 2021,202151,all_ages,Janssen,6,1617914,136,6824835,2820,31977849.1,0.370847894,1.992722168,8.818604376,23.77957247,4.425405867,0.342330715,2.477068893,13.78211793,40.25965921,5.563881558,1
death,DEC 2021,202151,all_ages,Moderna,83,13394042,360,25061674,2820,31977849.1,0.619678511,1.43645632,8.818604376,14.23093463,6.139138556,0.239465873,1.14074122,13.78211793,57.55357849,12.08172168,1
death,DEC 2021,202151,all_ages,Pfizer,127,16402885,403,35916950,2820,31977849.1,0.774254041,1.122032912,8.818604376,11.38980736,7.85948815,0.391556401,1.265072241,13.78211793,35.1982956,10.89433274,1
death,DEC 2021,202152,12-17,all_types,0,149730,0,7103706,2,5821244,0,0,0.0343569,,,,,,,,0
death,DEC 2021,202152,18-49,all_types,8,10846179,93,37781674,412,22679009,0.073758694,0.246151084,1.816657862,24.62974544,7.380255388,,,,,,0
death,DEC 2021,202152,50-64,all_types,64,9899110,334,16273229,917,5941510.55,0.646522768,2.052450684,15.43378561,23.87199085,7.519686452,,,,,,1
death,DEC 2021,202152,65+,all_types,509,14122496,1606,10763167,2683,2850883.55,3.604178751,14.92125877,94.11117476,26.11168348,6.307187363,,,,,,1
death,DEC 2021,202152,all_ages,all_types,581,35017515,2033,71921776,4014,37292647.1,1.659169704,2.826682144,10.7635159,6.487290524,3.807826756,0.708512803,2.786919547,18.18036276,25.65989308,6.523461639,1
death,DEC 2021,202152,all_ages,Janssen,22,1830724,271,6664487,4014,37292647.1,1.201710362,4.066329486,10.7635159,8.956830401,2.646985675,1.018177497,4.633054557,18.18036276,17.8557892,3.924055401,1
death,DEC 2021,202152,all_ages,Moderna,214,14881988,753,23722701,4014,37292647.1,1.437979926,3.174174813,10.7635159,7.485164227,3.390965065,0.56485199,2.284461025,18.18036276,32.18606483,7.958272239,1
death,DEC 2021,202152,all_ages,Pfizer,344,18270929,1005,41493152,4014,37292647.1,1.882772354,2.42208642,10.7635159,5.716844035,4.4439025,0.832201396,2.965780868,18.18036276,21.84610943,6.130042496,1
death,JAN 2022,202201,12-17,all_types,0,296171,1,7007786,4,5737898,0,0.0142698,0.06971194,,4.885263558,,,,,,0
death,JAN 2022,202201,18-49,all_types,16,12467044,115,36387056,484,22303840,0.128338362,0.316046453,2.170029914,16.90866151,6.866173914,,,,,,0
death,JAN 2022,202201,50-64,all_types,127,10895964,457,15354077,1139,5847443.55,1.165569196,2.976408155,19.47859762,16.71166129,6.544330146,,,,,,1
death,JAN 2022,202201,65+,all_types,890,14720667,2403,10208238,3865,2810291.55,6.045921696,23.53981167,137.5302146,22.74760103,5.842451781,,,,,,1
death,JAN 2022,202201,all_ages,all_types,1033,38379846,2976,68957157,5492,36699473.1,2.691516792,4.315723167,14.96479251,5.559984819,3.467505196,1.205779883,4.310116443,25.74048178,21.3475794,5.972108207,1
death,JAN 2022,202201,all_ages,Janssen,62,2047778,378,6480423,5492,36699473.1,3.027671945,5.832952571,14.96479251,4.942673043,2.565560464,2.269177651,6.755426695,25.74048178,11.34352869,3.810341366,1
death,JAN 2022,202201,all_ages,Moderna,378,16246662,1142,22479373,5492,36699473.1,2.326631772,5.080212869,14.96479251,6.431955707,2.945701862,0.969926577,3.677749602,25.74048178,26.53858795,6.99897616,1
death,JAN 2022,202201,all_ages,Pfizer,592,20049436,1450,39957967,5492,36699473.1,2.952701512,3.628813248,14.96479251,5.068169757,4.123880587,1.382701238,4.520408502,25.74048178,18.61608357,5.694282224,1
death,JAN 2022,202202,12-17,all_types,0,434969,4,6918948,4,5653828,0,0.0578123,0.070748526,,1.22376344,,,,,,0
death,JAN 2022,202202,18-49,all_types,19,13737672,94,35325785,387,21935097.55,0.138305821,0.266094582,1.764295778,12.75648248,6.630333333,,,,,,1
death,JAN 2022,202202,50-64,all_types,107,11616411,393,14701563,1062,5754417.55,0.92111066,2.673185157,18.45538651,20.03601447,6.903893827,,,,,,1
death,JAN 2022,202202,65+,all_types,1023,15106579,2400,9855734,4061,2776004.55,6.771883959,24.35130656,146.2893856,21.60246491,6.007455297,,,,,,1
death,JAN 2022,202202,all_ages,all_types,1149,40895631,2891,66802030,5514,36119347.65,2.809591078,4.327712796,15.26605645,5.433551011,3.527511452,1.27789934,4.355462022,26.66365134,20.86522037,6.12188815,1
death,JAN 2022,202202,all_ages,Janssen,69,2212183,324,6342892,5514,36119347.65,3.119090961,5.108080037,15.26605645,4.894392833,2.988609485,2.499825556,5.934318259,26.66365134,10.6662048,4.493127968,1
death,JAN 2022,202202,all_ages,Moderna,435,17251193,1228,21576876,5514,36119347.65,2.52156474,5.691278014,15.26605645,6.05419968,2.682359991,1.005799137,4.112220334,26.66365134,26.5099167,6.484003574,1
death,JAN 2022,202202,all_ages,Pfizer,645,21395060,1336,38844065,5514,36119347.65,3.014714612,3.439392865,15.26605645,5.063847963,4.438590486,1.458170653,4.318505955,26.66365134,18.28568644,6.174276848,1
death,JAN 2022,202203,12-17,all_types,0,627599,2,6789956,3,5571070,0,0.0294553,0.0538496,,1.828182737,,,,,,0
death,JAN 2022,202203,18-49,all_types,24,15008256,88,34281121,293,21642794.55,0.159911984,0.256701057,1.353799295,8.465902662,5.273836072,,,,,,1
death,JAN 2022,202203,50-64,all_types,121,12294793,342,14092669,901,5687121.55,0.984156464,2.426793675,15.84281243,16.09785946,6.528289814,,,,,,1
death,JAN 2022,202203,65+,all_types,936,15477809,2053,9518659,3643,2749600.55,6.047367557,21.56816417,132.4919723,21.9090325,6.142941573,,,,,,1
death,JAN 2022,202203,all_ages,all_types,1081,43408457,2485,64682405,4840,35650586.65,2.490298146,3.84184849,13.57621418,5.451642086,3.533771364,1.190914586,3.877942279,23.85259976,20.02880814,6.150839296,1
death,JAN 2022,202203,all_ages,Janssen,60,2377627,264,6206409,4840,35650586.65,2.523524506,4.253667459,13.57621418,5.379862232,3.191649162,2.0755412,5.047112429,23.85259976,11.49223141,4.725989383,1
death,JAN 2022,202203,all_ages,Moderna,450,18222193,1034,20722188,4840,35650586.65,2.469516155,4.989820573,13.57621418,5.497519889,2.720782036,1.066564921,3.619269234,23.85259976,22.36394549,6.590446362,1
death,JAN 2022,202203,all_ages,Pfizer,569,22770303,1181,37716699,4840,35650586.65,2.498868812,3.13123903,13.57621418,5.432943945,4.335732293,1.27433268,3.944053011,23.85259976,18.71771801,6.047738125,1
death,JAN 2022,202204,12-17,all_types,0,973105,3,6514257,9,5504831,0,0.0460528,0.163492758,,3.550112801,,,,,,0
death,JAN 2022,202204,18-49,all_types,16,16225159,67,33289916,235,21386741.55,0.098612285,0.201262148,1.098811614,11.14274572,5.45960393,,,,,,1
death,JAN 2022,202204,50-64,all_types,92,12917379,256,13538634,708,5629586.55,0.712218787,1.890885004,12.57641203,17.65807398,6.651071855,,,,,,1
death,JAN 2022,202204,65+,all_types,784,15821761,1418,9207997,2861,2725566.55,4.955200625,15.39965749,104.9690018,21.18360279,6.816320546,,,,,,1
death,JAN 2022,202204,all_ages,all_types,892,45937404,1744,62550804,3813,35246725.65,1.941772765,2.788133627,10.81802616,5.571211189,3.880024276,0.940540907,2.810195348,18.92939917,20.12607749,6.735972707,1
death,JAN 2022,202204,all_ages,Janssen,45,2538308,174,6077150,3813,35246725.65,1.772834502,2.863184223,10.81802616,6.102107186,3.77831998,1.468564225,3.397514664,18.92939917,12.88973192,5.571543036,1
death,JAN 2022,202204,all_ages,Moderna,340,19115946,764,19938631,3813,35246725.65,1.778619797,3.831757556,10.81802616,6.082258936,2.823254341,0.748732619,2.772540665,18.92939917,25.28192131,6.827455916,1
death,JAN 2022,202204,all_ages,Pfizer,506,24243640,805,36499059,3813,35246725.65,2.08714533,2.205536313,10.81802616,5.183168609,4.904941304,1.092646514,2.75195998,18.92939917,17.32435781,6.878515423,1
death,FEB 2022,202205,12-17,all_types,0,1259679,2,6292709,1,5458137,0,0.0317828,0.0183213,,0.576452093,,,,,,0
death,FEB 2022,202205,18-49,all_types,8,17121280,43,32589170,144,21196127.55,0.0467255,0.131945674,0.679369378,14.53959169,5.148856783,,,,,,1
death,FEB 2022,202205,50-64,all_types,52,13359717,195,13152980,467,5588689.55,0.389229802,1.482553763,8.35616285,21.46845594,5.636330402,,,,,,1
death,FEB 2022,202205,65+,all_types,547,16065652,950,8990552,1985,2709746.55,3.404779339,10.56664819,73.25408349,21.51507519,6.932575229,,,,,,1
death,FEB 2022,202205,all_ages,all_types,607,47806328,1190,61025411,2597,34952700.65,1.269706387,1.95000735,7.430041032,5.85177889,3.81026309,0.616293783,1.958319955,13.07487868,21.21533437,6.676579406,1
death,FEB 2022,202205,all_ages,Janssen,25,2655486,129,5982881,2597,34952700.65,0.941447253,2.156151861,7.430041032,7.892147976,3.44597297,0.803649761,2.567234229,13.07487868,16.26937419,5.092982375,1
death,FEB 2022,202205,all_ages,Moderna,273,19748310,509,19399259,2597,34952700.65,1.382396772,2.623811559,7.430041032,5.374752879,2.831773877,0.58820381,1.899237066,13.07487868,22.2284835,6.884279439,1
death,FEB 2022,202205,all_ages,Pfizer,309,25362228,548,35608081,2597,34952700.65,1.218347221,1.538976504,7.430041032,6.098459375,4.827910637,0.643890841,1.904784056,13.07487868,20.30604855,6.864231479,1
death,FEB 2022,202206,12-17,all_types,0,1444174,1,6176717,4,5408405,0,0.0161898,0.073958958,,4.568235552,,,,,,0
death,FEB 2022,202206,18-49,all_types,6,17816328,33,32090107,99,21022313.55,0.033677,0.102835431,0.470928187,13.98368506,4.579435121,,,,,,1
death,FEB 2022,202206,50-64,all_types,36,13697750,92,12868014,295,5550930.55,0.262816886,0.714951041,5.314424264,20.22101527,7.433270198,,,,,,1
death,FEB 2022,202206,65+,all_types,398,16256766,569,8823261,1344,2693573.55,2.448211409,6.448862841,49.89653986,20.38081338,7.73726176,,,,,,1
death,FEB 2022,202206,all_ages,all_types,440,49215018,695,59958099,1742,34675222.65,0.894036044,1.159142821,5.0237601,5.619191903,4.334030294,0.440102539,1.173009953,8.848534361,20.10561989,7.543443547,1
death,FEB 2022,202206,all_ages,Janssen,15,2745702,78,5911977,1742,34675222.65,0.546308376,1.319355606,5.0237601,9.195832102,3.807737713,0.465914417,1.637879809,8.848534361,18.99175908,5.402432042,1
death,FEB 2022,202206,all_ages,Moderna,183,20227815,293,19006857,1742,34675222.65,0.904694847,1.541548926,5.0237601,5.552988519,3.258904089,0.388941755,1.119381455,8.848534361,22.75028136,7.904842737,1
death,FEB 2022,202206,all_ages,Pfizer,241,26200654,323,35004587,1742,34675222.65,0.919824368,0.922736212,5.0237601,5.461651459,5.444416331,0.495173967,1.14879241,8.848534361,17.86954678,7.7024659,1
death,FEB 2022,202207,12-17,all_types,0,1565992,0,6118081,2,5375051,0,0,0.0372089,,,,,,,,0
death,FEB 2022,202207,18-49,all_types,6,18307069,16,31791920,55,20885699.55,0.0327742,0.0503273,0.263338079,8.034913974,5.232514465,,,,,,1
death,FEB 2022,202207,50-64,all_types,28,13934763,61,12679543,191,5524487.55,0.20093632,0.481089894,3.457334246,17.20611905,7.186462007,,,,,,1
death,FEB 2022,202207,65+,all_types,244,16393584,334,8707026,744,2682600.55,1.488387164,3.835982573,27.73428195,18.633782,7.230033353,,,,,,1
death,FEB 2022,202207,all_ages,all_types,278,50201408,411,59296570,992,34467838.65,0.553769329,0.693126095,2.87804527,5.197191541,4.152267952,0.281931018,0.700749463,5.009959454,17.77016055,7.149430318,1
death,FEB 2022,202207,all_ages,Janssen,14,2812703,39,5861162,992,34467838.65,0.497741852,0.665397066,2.87804527,5.78220469,4.325305018,0.450116835,0.81221436,5.009959454,11.13035342,6.168272445,1
death,FEB 2022,202207,all_ages,Moderna,121,20559955,184,18758901,992,34467838.65,0.588522689,0.980867696,2.87804527,4.890287706,2.934182951,0.257189949,0.718458543,5.009959454,19.47960826,6.973206046,1
death,FEB 2022,202207,all_ages,Pfizer,142,26787512,187,34642198,992,34467838.65,0.530097756,0.539804085,2.87804527,5.429272691,5.331647813,0.295664011,0.678560786,5.009959454,16.94477266,7.383213937,1
death,FEB 2022,202208,12-17,all_types,0,1656321,0,6084160,0,5343096,0,0,0,,,,,,,,0
death,FEB 2022,202208,18-49,all_types,2,18682011,5,31595274,45,20830569.55,0.0107055,0.0158252,0.216028659,20.17924889,13.65096933,,,,,,1
death,FEB 2022,202208,50-64,all_types,17,14117699,45,12540239,120,5499993.55,0.120416224,0.358844835,2.18182074,18.11899323,6.080123009,,,,,,1
death,FEB 2022,202208,65+,all_types,188,16503121,195,8616507,499,2672999.55,1.139178462,2.263098028,18.66816626,16.38739397,8.248942832,,,,,,1
death,FEB 2022,202208,all_ages,all_types,207,50959152,245,58836180,664,34346658.65,0.406207701,0.416410447,1.933230265,4.75921618,4.642607504,0.201651998,0.419200976,3.365139248,16.68785473,8.02750815,1
death,FEB 2022,202208,all_ages,Janssen,7,2863555,20,5825051,664,34346658.65,0.24445139,0.343344633,1.933230265,7.908444559,5.630582444,0.223788127,0.403063688,3.365139248,15.03716612,8.34890204,1
death,FEB 2022,202208,all_ages,Moderna,101,20817514,122,18590051,664,34346658.65,0.485168402,0.65626501,1.933230265,3.984658228,2.945807313,0.212537689,0.472913446,3.365139248,15.83314124,7.115761404,1
death,FEB 2022,202208,all_ages,Pfizer,99,27236563,103,34387038,664,34346658.65,0.363481986,0.299531469,1.933230265,5.318641202,6.454180833,0.196462446,0.37136545,3.365139248,17.1286641,9.06153022,1
